crl.thawte.com	
crt.rootca1.amazontrust.com	
crt.sca0a.amazontrust.com	 
crt.sca1a.amazontrust.com	 
crt.sca1b.amazontrust.com	 
crt.sca2a.amazontrust.com	 
crt.sca3a.amazontrust.com	 
licensing.tableau.com	 
maps.tableausoftware.com	 
o.ss2.us	 
ocsp.rootca1.amazontrust.com	 
ocsp.rootg2.amazontrust.com	 
ocsp.sca0a.amazontrust.com	 
ocsp.sca1a.amazontrust.com	 
ocsp.sca1b.amazontrust.com	 
ocsp.sca2a.amazontrust.com	 
ocsp.sca3a.amazontrust.com	 
tg.symcb.com	 
uploader.tableausoftware.com	 
WebCapture.	 
Hiddendomain21
Hiddendomain22
Hiddendomain23
Hiddendomain24
Hiddendomain25
Hiddendomain26
Hiddendomain27
Hiddendomain28
Hiddendomain29
Hiddendomain30
Hiddendomain31
Hiddendomain32
Hiddendomain33
AxisClient	 
condition=TechRule_Servers	 
Hiddendomain36
Hiddendomain37
Hiddendomain38
Hiddendomain39
Hiddendomain40
Hiddendomain41
Hiddendomain42
Hiddendomain43
Hiddendomain44
Hiddendomain45
Hiddendomain46
Hiddendomain47
Hiddendomain48
Hiddendomain49
Hiddendomain50
Hiddendomain51
Hiddendomain52
Hiddendomain53
Hiddendomain54
Hiddendomain55
Hiddendomain56
Hiddendomain57
Hiddendomain58
Hiddendomain59
Hiddendomain60
Hiddendomain61
Hiddendomain62
Hiddendomain63
Hiddendomain64
Hiddendomain65
Hiddendomain66
Hiddendomain67
Hiddendomain68
Hiddendomain69
Hiddendomain70
Hiddendomain71
Hiddendomain72
Hiddendomain73
Hiddendomain74
Hiddendomain75
Hiddendomain76
Hiddendomain77
Hiddendomain78
Hiddendomain79
Hiddendomain80
Hiddendomain81
Hiddendomain82
Hiddendomain83
Hiddendomain84
Hiddendomain85
Hiddendomain86
Hiddendomain87	 
Hiddendomain88 
Hiddendomain89 
Hiddendomain90 
Hiddendomain91
Hiddendomain92
Hiddendomain93
Hiddendomain94
Hiddendomain95
Hiddendomain96
Hiddendomain97
Hiddendomain98
cloud.btadvise.com	 
aragb2b.be	 
akamaiesd-ie.flexnetoperations.com	 
apache.belnet.be	 
Hiddendomain103
checkpoint.com	 
corporatesoftwaredelivery.aciworldwide.com	 
dloads.infoblox.com	 
download.informatica.com	 
downloads.ca.com	 
econocom.com	 
fastdl.mongodb.org	 
googlecode.com	 
kyloren.aurigaspa.com	 
Q8BF3-TZCP4	 
s3.amazonaws.com/assets.datacamp.com	 
s3.amazonaws.com/videos.datacamp.com	 
soapui.org/repository/maven2/	 
xplanation.com	 
yciabaud.github.com/jmeter-maven-plugin/repository/	 
Hiddendomain119
Hiddendomain120
Hiddendomain121
aris.softwareag.com	 
asp.groups.be	 
bdn-ak.bloomberg.com/software/trv/upgr.exe	 
beyond.abinitio.com	 
binck.com	 
Hiddendomain127
cdn.sw.altova.com	 
cdn-download.ariscommunity.com/7.1.0.737860/aris-express-setup.exe	 
community.polarion.com/projects/subversive/download/eclipse/3.0/kepler-site/plugins/org.polarion.eclipse.team.svn.connector.javahl16_3.0.2.I20130808-1700.jar	 
compuware.com	 
corporate.morningstar.com/DataUpdate/MSLicUtil.exe	 
Hiddendomain133
Hiddendomain134
dispatcher.digitopia.be	 
dl.aw.atos.net	 
dl.aw.atos.net/download.ajax.php?action=get	 
dl.google.com/android/studio/install/0.4.2/	 
dlc.rsasecurity.com	 
download.eclipse.org	 
download.httpwatch.com	 
download.java.net/jdk7/binaries/jdk-7-ea-bin-b59-windows-i586-14_may_2009.exe	 
download.java.net/maven/2/args4j/args4j/2.0.15/args4j-2.0.15.jar	 
download.java.net/media/java3d/builds/release/1.5.2/j3d-1_5_2-windows-i586.zip	 
download.lifetools.aginsurance.be	 
download.sybase.com	 
download.sysinternals.com	 
download.traxfinance.com/downloads	 
download-codeplex.sec.s-msft.com	 
download-keycdn.ej-technologies.com	 
downloadmirror.intel.com	 
downloads.dell.com	 
downloads.gradle.org	 
downloads.lexmark.com	 
downloads.red-gate.com	 
eclipse.mirror.kangaroot.net/tools/ve/downloads/drops/1.4.0/R200909301124/VE-Update-1.4.0.zip	 
ed.aciworldwide.com	 
edfdownload.aciworldwide.com	 
edodownload.aciworldwide.com	 
eid.belgium.be	 
esd2.spss.com/s/ESD/PASW_Statistics_18_win32_en.exe	 
esd-licensing.adobe.com	 
euftp.ai.baesystems.com	 
evenium.com	 
files.dynatrace.com	 
files.microfocus.com/Filemanager/Files	 
ftp.emea.ibm.com	 
ftp.sil.org/software/win	 
ftp.verint.com	 
ftp.vim.org/pub/vim/pc/gvim72.exe	 
images.autodesk.com	 
jlibs.googlecode.com/files	 
jsonrpc4j.googlecode.com/svn/maven/repo/	 
klusostore1.wkb.be	 
m2eclipse.sonatype.org/sites/m2e	 
math.nist.gov/scimark2/	 
mercurial.berkwood.com/binaries/Mercurial-1.4.1.exe	 
microfus.securehttp.internapcdn.net	 
numerique.larecherche.fr	 
omextemplates.content.office.net	 
opentext.com	 
pilote.emis3.com	 
product.oltb.testingthefuture.com	 
product.tppn.testingthefuture.com	 
product-downloads.atlassian.com	 
repo.msys2.org	 
sdkrepo.atlassian.com	 
share.provadys.com	 
software.ibm.com	 
software.wolterskluwer.be	 
soprasteria.com	 
strawberry-perl.googlecode.com/files/strawberry-perl-5.16.1.1-32bit.msi	 
subclipse.tigris.org	 
support.ca.com	 
support.citrix.com	 
support.flukenetworks.com	 
support.gbandsmith.com	 
support.gsx.com/gestion/documents	 
support.ricoh.com	 
support.ricoh.com/bb/pub_e/dr_ut_e/0001216/0001216000/V1000/z52645en.exe	 
supportftp.ca.com	 
support-private.cfm.software.dell.com	 
talend.dreamhosters.com	 
telerik.s3.amazonaws.com	 
temenos.com	 
video.consilium.europa.eu	 
video01.streamdis.eu	 
vo.msecnd.net	 
websmp101.sap-ag.de	 
www.b-rail.be	 
www.creationconnect.com	 
www.downloaddelivery.com	 
www.esd.e-softwarefactory.com	 
www.lecertificat.com	 
www.locklizard.com/Downloads	 
www.orpalis.com/download	 
www.oxfordeconomics.com	 
www.telerik.com	 
www.zebra.com	 
Hiddendomain220
aguilonius.com	 
akamaistream.net	 
cecbelgium.be	 
clients.instruxion.com	 
confluent.io	 
creationconnect.com	 
de.eyd.ey.com	 
dl.aw.atos.net/download.php	 
easa.europa.eu/system/files/dfu/aircrew-consolidated-versions.zip	 
elastic.co	 
eyd-de.ey.com	 
ftp.cisco.com	 
geolite.maxmind.com	 
Hiddendomain234
https://www.geiportal.org/customer/pdf/Sample_Authorisation_GEI.zip	 
install.multicash.de	 
Hiddendomain237
moveit.dimensiondata.com	 
my.gartner.com/resources	 
origin1.sybase.com	 
packages.confluent.io	 
rallydev.com	 
www.britishairways.com	 
www.cfonb.org	 
www.coteng.com/download/operatorview.zip	 
www.ecb.europa.eu	 
www.icc-austria.org/downloads/Cases-Bank-Guarantees.zip	 
www.icc-austria.org/downloads/Cases-Letters-of-Credit.zip	 
www.iso20022.org	 
www.msh-expathealth.com/mssql	 
www.ngi.be	 
www.nviso.be	 
www.orx.org	 
www.portofzeebrugge.be	 
www.smme.com	 
www.trox.be/be_fr/download/cad_vdi/cad	 
divx.com	 
towerswatson.com	 
rvd.everdis.com	 
Hiddendomain260
ak-delivery04-mul.dhe.ibm.com	 
amshdsa.on24.com.edgesuite.net	 
amshdsb.on24.com.edgesuite.net	 
ccff02.minfin.fgov.be	 
cdn.soprasteria.com	 
cdnllnw.bentley.com	 
codeload.github.com	 
cp79003.edgefcs.net	 
customer.betasystems.com	 
ec2east-wmlivea.awsotf.com	 
ec2east-wmliveb.awsotf.com	 
ec2-wmlivea.awsotf.com	 
ec2-wmliveb.awsotf.com	 
ec2-wmod.awsotf.com	 
eft.eu.ai.baesystems.com	 
ex.on24.chinacache.net	 
fml.7ac7.edgecastcdn.net	 
fms.7ac7.edgecastcdn.net	 
fmsawsa.awsotf.com	 
fmsawsb.awsotf.com	 
ftp.osuosl.org	 
idewe.be	 
ios.on24.com.edgesuite.net	 
marketplace-cdn.atlassian.com	 
my.arkhineo.fr	 
on24.com	 
on24.event.c3edge.net	 
on24.fc.llnwd.net	 
on24.fcod.llnwd.net	 
on24.ios.c3edge.net	 
on24fs.fplive.net	 
on24livefs.fplive.net	 
opibuilder.opikanoba.com	 
paxfamilia.com	 
paxfamilia-demo.s3-eu-west-1.amazonaws.com	 
pf.trinergy.be	 
rsasecurity.com	 
vod.on24.chinacache.net	 
wcc.webservices.com	 
web2py.com	 
wm-live-ec2-wmlivea.on24.dns.xdn.com	 
wm-live-ec2-wmliveb.on24.dns.xdn.com	 
wpc.7ac7.edgecast.com	 
wpc.7ac7.edgecastcdn.net	 
360suite.io	 
admin.coastlinesolutions.com	 
az32125.vo.msecnd.net	 
bdn-ak.bloomberg.com	 
binaries.sonarsource.com	 
cdn.devexpress.com	 
download.nai.com	 
download.palisade.com	 
download.riverbed.com	 
download.splunk.com	 
downloads.xmpie.net	 
edelivery.rsasecurity.com	 
epddlm.bmc.com	 
esd.finastra.com	 
esdstore2.finastra.com	 
files.sage.be	 
legacy.xmpie.net	 
next.tech	 
openclassrooms.com	 
Hiddendomain324
support.cyberark.com	 
Hiddendomain326
Hiddendomain327
Hiddendomain328
Hiddendomain329
Hiddendomain330
Hiddendomain331
Hiddendomain332
Hiddendomain333
Hiddendomain334
Hiddendomain335
Hiddendomain336
Hiddendomain337
Hiddendomain338
Hiddendomain339
Hiddendomain340
Hiddendomain341
afasonline.com	 
agriculture.wallonie.be	 
any.run	 
app.easybanking.hellobank.be	 
app.easybanking.qahellobank.be	 
app.easybanking.test2access.qahellobank.be	 
app.easybanking.testaccess.qahellobank.be	 
app.piloteasybanking.hellobank.be	 
ariba.com	 
axure.com	 
barxis.barcap.com	 
Hiddendomain353
Hiddendomain354
Hiddendomain355
Hiddendomain356
Hiddendomain357
Hiddendomain358
bricsys247.com	 
citicorp.com	 
citidirect.com	 
citrix.esalsa.be	 
commtool.intertrustgroup.com	 
cortalconsors.de	 
Hiddendomain365
data.havasmedia.com	 
df84x76lg9aky.cloudfront.net	 
dl.pstmn.io	 
download.springsource.com	 
downloads.microfocus.com	 
downloads.plantronicsmanager.com	 
ec4s.ph.euroclear.com	 
ec4s.pp.euroclear.com	 
e-contract.be	 
edu.ihost.com	 
emv2.com	 
entitlement.microfocus.com	 
eu1cog1.concursolutions.com	 
filetransfer.eos-it-services.com	 
fsma.be	 
gsa.apple.com	 
hod.cloud	 
hrdirectaccess.com	 
ibmcloudgarage.mybluemix.net	 
identifin.be	 
idp.iamfas.belgium.be	 
ihealth.f5.com	 
Hiddendomain388
landbouwvlaanderen.be	 
license.blackberry.com	 
list.bluecoat.com	 
liv-bo-tx.cwi.aw.atos.net	 
live.barcap.com	 
login.socialsecurity.be	 
lounge.anywhereconference.com	 
m1.app.easybanking.qahellobank.be	 
marquee.gs.com	 
masterfarm.ts.fujitsu.com	 
Hiddendomain399
morningstar.be	 
morningstar.com	 
multiplexer-prod.datacamp.com	 
neocaseonline.com	 
notaris.be	 
omniture.com	 
onegate.be	 
orely.luxtrust.com	 
osp.bpost.be	 
Hiddendomain409
p1.app.easybanking.qahellobank.be	 
pilot.secure.hellobank.be	 
pix-rdg.depfac.com	 
plantronicsmanager-eu.com	 
poc.agilos.com	 
portal.buyway.be	 
portal.fsma.be	 
praktijk.hdmp.com	 
prod-bo-tx.cwi.aw.atos.net	 
projects.invisionapp.com	 
proximuscloudexchange.be	 
proximuscloudsharepoint.be	 
Hiddendomain422
rd-train.msitso.com	 
sd.be	 
sdworx.com	 
secure.aadcdn.microsoftonline-p.com	 
secure.central.sonatype.com	 
secure.hellobank.be	 
secure.vandeput.be	 
securitas.be	 
sharing.oodrive.com	 
skyhighdemo58-my.sharepoint.com	 
sofico.be	 
sourcing.secure.force.com	 
special-t.com	 
ssl-homol-bo-ca.ewallet.aw.atos.net	 
ssl-liv-bo-cas-portal-auth.aw.atos.net	 
ssl-liv-bo-portal-auth.aw.atos.net	 
ssl-preprd-bo-ca.ewallet.aw.atos.net	 
sslproxy.aspex.be	 
sso.rallydev.com	 
supportcenter.checkpoint.com	 
swscan.apple.com	 
system-api.plantronicsmanager-eu.com	 
taleo.net	 
test-fcpr.healthone.be	 
tests-lux-amr.aw.atos.net	 
thomsonreuters.com	 
trainingvdi2.temenos.com	 
trainingvdi4.temenos.com	 
trust-ws.services.belgium.be	 
vdi.ottogroup.com	 
wallonie.be	 
www.bizcover.be	 
www.bpostbank.be	 
www.collect-4-you.com	 
www.itlb.be	 
www.jamf.com	 
Hiddendomain459
www.sixdots.be	 
aru-akam.oracle.com	 
expertcity.com	 
getgo.com	 
gotomeeting.com	 
goto-rtc.com	 
gotowebinar.com	 
Hiddendomain467
logmeininc.com	 
mixpanel.com	 
106c4.wpc.azureedge.net	 
16bcad54b6f086639d7d18e911a77a57.nrb.footprintdns.com	 
7a0bd437182c3539d634f5a5f9e421da.nrb.footprintdns.com	 
a3698060313.cdn.optimizely.com	 
aadcdn.msauth.net	 
aadcdn.msftauth.net	 
aadrm.com	 
ajax.aspnetcdn.com	 
aka.ms	 
akamaized.net	 
amp.azure.net	 
amsglob0cdnstream11.azureedge.net	 
api.cds.microsoft.com	 
api.powerapps.com	 
api.teams.skype.com	 
appsforoffice.microsoft.com	 
appsource.microsoft.com	 
assets.onestore.ms	 
Hiddendomain488
az416426.vo.msecnd.net	 
az725175.vo.msecnd.net	 
az787822.vo.msecnd.net	 
az818438.vo.msecnd.net	 
azureedge.net	 
azurerms.com	 
bn2.fpt.microsoft.com	 
Hiddendomain496
Hiddendomain497
bot-framework.azureedge.net	 
b-ring.msedge.net	 
browser.pipe.aria.microsoft.com	 
c.bing.com	 
c.microsoft.com	 
c.s-microsoft.com	 
c1.microsoft.com	 
c3-powerpoint-15.cdn.office.net	 
canary.trafficmanager.net	 
cdn.onenote.net	 
cdn.optimizely.com	 
clientconfig.passport.net	 
config.edge.skype.com	 
config.teams.microsoft.com	 
contentstorage.osi.office.net	 
cs.microsoft.com	 
cus-000.tasks.osi.office.net	 
d365prod-sdk.azureedge.net	 
dev.virtualearth.net	 
dfbadf0a5c5f6a2887f79088751cc93b.nrb.footprintdns.com	 
ea-000.tasks.osi.office.net	 
emea.api.flow.microsoft.com	 
emea-client-ss.msg.skype.com	 
eu-api.asm.skype.com	 
euc.pods.officeapps.live.com	 
euc-excel.officeapps.live.com	 
euc-onenote.officeapps.live.com	 
euc-powerpoint.officeapps.live.com	 
euc-word-edit.officeapps.live.com	 
euc-word-view.officeapps.live.com	 
euno-1.api.microsoftstream.com	 
euno-1.notification.api.microsoftstream.com	 
euno-1-content.api.microsoftstream.com	 
eur.delve.office.com	 
eur.loki.delve.office.com	 
eus-www.sway-cdn.com	 
eus-zzz.tasks.osi.office.net	 
excel.officeapps.live.com	 
flow.microsoft.com	 
fpc.msedge.net	 
fpt.microsoft.com	 
fs.microsoft.com	 
g.live.com	 
go.microsoft.com	 
graph.microsoft.com	 
graph.windows.net	 
gtm-dyn-direct.office365.com	 
home.dynamics.com	 
iecvlist.microsoft.com	 
img.teams.skype.com	 
informationprotection.azure.com	 
js.live.net	 
lists.office.com	 
login.microsoftonline.com	 
login.windows.net	 
logx.optimizely.com	 
loki.delve.office.com	 
Hiddendomain555
m365x363376.sharepoint.com	 
m365x602079.sharepoint.com	 
m365x602079-my.sharepoint.com	 
management.azure.com	 
mem.gfx.ms	 
mobile.pipe.aria.microsoft.com	 
msedge.net	 
msn.com	 
msstream.streaming.mediaservices.windows.net	 
neu-000.tasks.osi.office.net	 
nexus.officeapps.live.com	 
nexusrules.officeapps.live.com	 
northeurope1-mediap.svc.ms	 
northeurope2-sphomep.svc.ms	 
nps.onyx.azure.net	 
ocws.officeapps.live.com	 
odc.officeapps.live.com	 
office.com	 
office.live.com	 
officeclient.microsoft.com	 
oneclient.sfx.ms	 
onedrive.live.com	 
onenote.com	 
optimizely.com	 
osisbpeusburlywood00.servicebus.windows.net	 
outlook.live.com	 
outlook.office.com	 
outlook.office365.com	 
pipe.skype.com	 
portal.office.com	 
powerapps.microsoft.com	 
powerpoint.officeapps.live.com	 
prod.msocdn.com	 
products.office.com	 
prod-westeurope.azureedge.net	 
protection.outlook.com	 
psux.azureedge.net	 
query.prod.cms.rt.microsoft.com	 
r1.res.office365.com	 
r4.res.office365.com	 
res.delve.office.com	 
s.ytimg.com	 
s0.assets-yammer.com	 
s1-excel-15.cdn.office.net	 
s1-odc-15.cdn.office.net	 
s1-officeapps-15.cdn.office.net	 
s1-onenote-15.cdn.office.net	 
s1-powerpoint-15.cdn.office.net	 
s1-word-edit-15.cdn.office.net	 
s1-word-view-15.cdn.office.net	 
sea-000.tasks.osi.office.net	 
sharepoint.com	 
signup.microsoft.com	 
signupprod.msocdn.com	 
site-cdn.onenote.net	 
sls.update.microsoft.com	 
spoprod-a.akamaihd.net	 
static.sharepointonline.com	 
static2.sharepointonline.com	 
statics.teams.microsoft.com	 
sway.com	 
swx.cdn.skype.com	 
tasks.office.com	 
teams.dc.trouter.io	 
teams.microsoft.com	 
telemetryservice.firstpartyapps.oaspapps.com	 
tile-service.weather.microsoft.com	 
urs.smartscreen.microsoft.com	 
v4-trouter2-weu-d.dc.trouter.io	 
vortex.data.microsoft.com	 
web.localytics.com	 
web.microsoftstream.com	 
web.powerapps.com	 
web.vortex.data.microsoft.com	 
webanalytics.localytics.com	 
webdir.online.lync.com	 
webdir0e.online.lync.com	 
webdir2e.online.lync.com	 
webpoolam42e10.infra.lync.com	 
webshell.suite.office.com	 
weu-000.tasks.osi.office.net	 
weuofficehome.msocdn.com	 
word-edit.officeapps.live.com	 
wus-000.tasks.osi.office.net	 
www.msftconnecttest.com	 
yammer.com	 
youtube.com	 
Hiddendomain643
Hiddendomain644
Hiddendomain645
Hiddendomain646
Hiddendomain647
Hiddendomain648
Hiddendomain649
Hiddendomain650
79.12-14-84.ripe.coltfrance.com	 
Hiddendomain652
abb-bvb.be	 
aractivate.adobe.com	 
bank-verlag.de	 
brandplatform.ibzlplatform.net	 
calypso.com	 
citidirect-eb.citicorp.com	 
clamav.net	 
clientcenter.iqfinancial.com	 
concerto-coraservice.adhefi.com	 
contributor.reutersresearch.com	 
custo.bvdep.com	 
dax.comscore.eu	 
dealogic.com	 
dexia.be	 
downloads.numarasoftware.com	 
downloads.teletrain.nl	 
dsanet.gr	 
dt.tesoro.it	 
Hiddendomain671
elkarkidetza.net	 
epaper.financialnews.com	 
euroclear.com	 
euroclearfrance.com	 
europa.eu.int	 
extranet.datastream.com	 
Hiddendomain678
Hiddendomain679
Hiddendomain680
Hiddendomain681
framesoft.com	 
Hiddendomain683
fxtop.com	 
gotoIBS6.isabel.be	 
healthone.be	 
icscards.nl	 
Hiddendomain688
Hiddendomain689
Hiddendomain690
Hiddendomain691
Hiddendomain692
inventivedesigners.be	 
investmenttoolbox.com	 
Hiddendomain695
kbc-pdf.kbc.be	 
laredoute.be	 
laredoute.fr	 
maestro.one-agency.be	 
Hiddendomain700
messenger.yahoo.com	 
metalink.oracle.com	 
minfin.fgov.be	 
mulitiline.lu	 
my.isabel.be	 
netq.nl	 
netquestionnaires.nl	 
notes.loaniqsupport.com	 
oracle-updates-uk.navisite.net	 
pilot.bpo.be	 
Hiddendomain711
pilot.postbank.ie	 
Hiddendomain713
platus.eu	 
pro.corbis.com	 
quest.com	 
recette-concerto-coraservice.adhefi.com	 
registradores.org	 
Hiddendomain719
rp1.dbportfolio.com	 
sftemea.one.microsoft.com	 
shttp.msg.yahoo.com	 
side.lu	 
siteview.nedstat.nl	 
skbvs.com	 
subscribenet.com	 
support.barra.com	 
support.concord.com	 
support.quest.com	 
supportline.microfocus.com	 
thomsonib.com	 
trendmicro.com	 
update.messenger.yahoo.com	 
updates.oracle.com	 
us.dl1.yimg.com	 
V20.MrTEDTalentlink.com	 
v3.quadiatv.com	 
webcare.netsize.com	 
webmail.post.be	 
www.assutop.be	 
www.bankersalmanac.com	 
www.barcap.com	 
www.bpo.be	 
www.canara.be	 
www.couleurcafe.be	 
www.csfb.com	 
www.emc.com	 
Hiddendomain748
www.eurexrepo.com/download	 
www.ezonlinedocument.com	 
www.ffnpodium.nl	 
www.finanzaemercati.it	 
www.flukenetworks.com	 
www.fonds.org	 
Hiddendomain755
www.gva.rapid.reuters.com	 
Hiddendomain757
Hiddendomain758
www.investmenttoolbox.com	 
www.isabel.be	 
www.isabel.eu	 
www.markit.com	 
www.ngf.nl	 
www.optizen.be	 
www.realm.com	 
www.sherpa.be	 
www.sisprisisodis.com	 
www.swift.com	 
www.thebanker.com	 
www.tmforum.org	 
xmind.net	 
www.slideshare.net	 
www.s81c.com	 
Hiddendomain774
20754664p.rfihub.com	 
aa.agkn.com	 
ajax.googleapis.com	 
ak1s.abmr.net	 
akamaicdn.webex.com	 
api-01.ubx.ibmmarketingcloud.com	 
Hiddendomain781
Hiddendomain782
Hiddendomain783
Hiddendomain784
clienttemplates.content.office.net	 
communities.bmc.com	 
config.messenger.msn.com	 
consent.trustarc.com	 
consent.truste.com	 
console.bluemix.net	 
crl.godaddy.com	 
Hiddendomain792
d1ivexoxmp59q7.cloudfront.net	 
d31qbv1cthcecs.cloudfront.net	 
d5nxst8fruw4z.cloudfront.net	 
data.cmcore.com	 
data.coremetrics.com	 
Hiddendomain798
fonts.gstatic.com	 
ftp.tkfweb.com	 
g2.symcb.com	 
gn.symcd.com	 
ibm.sp1.convertro.com	 
idbroker.webex.com	 
idsync.rlcdn.com	 
ieonline.microsoft.com	 
Hiddendomain807
Hiddendomain808
libs.coremetrics.com	 
match.adsrvr.org	 
Hiddendomain811
media.cms.bmc.com	 
Hiddendomain813
metrics-a.wbx2.com	 
notify2.bluecoat.com	 
ocsp.quovadisglobal.com	 
office14client.microsoft.com	 
officestore.microsoft.com	 
performancemanager5.successfactors.eu	 
Hiddendomain820
portail.witbe.net	 
Hiddendomain822
r.nexac.com	 
r20swj13mr.microsoft.com	 
s1.symcb.com	 
s1973398186.t.eloqua.com	 
s2.symcb.com	 
Hiddendomain828
sf.symcb.com	 
Hiddendomain830
Hiddendomain831
stags.bluekai.com	 
sv.symcb.com	 
sv.symcd.com	 
tag.clrstm.com	 
tags.bluekai.com	 
tags.crwdcntrl.net	 
Hiddendomain838
th.symcb.com	 
thelmie.be	 
tmscdn.coremetrics.com	 
trust.quovadisglobal.com	 
u3s.mathtag.com	 
Hiddendomain844
vars.hotjar.com	 
visitor-service-eu-central-1.tealiumiq.com	 
www.hrdirectaccess.com	 
www.oracle.com	 
www.partner-dsp.com	 
adobedtm.com	 
alphacardcvba.sharepoint.com	 
attendee.gotowebinar.com	 
Hiddendomain853
Hiddendomain854
carattest.be	 
cas.drooms.com	 
cdnetworks.net	 
cdnetworks.us	 
dataroom.ansarada.com	 
demdex.net	 
docmaster.drs-digital.com	 
drooms.com	 
earthcache.net	 
elf3.eukleia-training.com	 
en.fotoalbum.eu/buylelegal/a806226	 
everesttech.net	 
fplive.net	 
hsbc.com	 
ibm.app.box.com	 
ideone.com	 
iminds.force.com	 
inbox.proofpoint.com	 
issuu.com/artexisgroup/docs	 
issuu.com/ey_belgium/docs	 
issuu.com/klasse_leraren/docs	 
live.irooms.net	 
llnwd.net	 
mail.betaalterminal.be	 
marketo.net	 
media.u-pro.fr	 
my.workshare.com	 
omtrdc.net	 
safemail1.mastercard.com	 
services.geolearning.com	 
services.intralinks.com	 
share.axure.com	 
sharefile.com	 
steptoe.com/staticfiles	 
support.partners.bpo.be	 
t.ymlp264.net	 
testcase.boulder.ibm.com	 
training.fortinet.com	 
vimeo.com	 
wikiacon01.dfd-hamburg.de	 
wikiacon01.eos.lcl	 
www.linkedin.com	 
www.vroptimal.com/content	 
www.youtube.com/attribution_link?a=7oKNyPzDNyo&u=/watch%3Fv%3DcF39VQXEpjk%26feature%3Dem-share_video_user	 
www.youtube.com/embed/_Qwc491IOZ0	 
xmpiecs.box.com	 
app.datorama.com	 
belgium.be	 
Hiddendomain903
Hiddendomain904
eboxenterprise.be	 
fs.spiridon.org	 
payconiq.be	 
socialsecurity.be	 
vlaanderen.be	 
fcpe.healthone.be	 
fcts.hdmp.com	 
fcts.healthone.be	 
hsp.healthone.be	 
a-ramses.nbb.be	 
ramses.nbb.be	 
a-ramses-enet.nbb.be	 
a-ramses2.nbb.be	 
ecorporate.nbb.be	 
www.onegate.be	 
ecms-enet.nbb.be	 
a-ecms-enet.nbb.be	 
mapquestapi.com	 
Hiddendomain923
alcopa.sharepoint.com	 
bcgdv.egnyte.com	 
belgiummobilewallet.sharepoint.com	 
blog.oodrive.fr	 
Hiddendomain928
Hiddendomain929
Hiddendomain930
Hiddendomain931
bpb.sharefile.eu	 
citidirectbeportalemea.citidirect.com	 
citigroup.com	 
clouddrive.com	 
deloitte-be.sharefile.eu	 
demetrisdns.dyndns.biz:8080	 
docs.google.com/forms/d/e/1FAIpQLSc2uPovUM4qk8VUu31XcJ2J7V97TyXVYaHpy_1x6ZREiFtZeA/	 
docs.google.com/forms/d/e/1FAIpQLSeZb_f09PImjPuOcWJNpdec7eQTGSbUs2gGpd7xC9FqFsAajQ/	 
docs.pdfforge.org/pdfcreator/2.1/en/using-pdfcreator/create-a-pdf/	 
download.intralinkscontent.com	 
ec4s.euroclear.com	 
Hiddendomain943
egnyte.com	 
enterpriseportals.dyndns.org	 
febelfin-my.sharepoint.com	 
filelink.fnfis.com	 
fliphtml5.com	 
fts.capgemini.com	 
gcloudbelgium.sharepoint.com	 
Hiddendomain951
gist.github.com	 
global.quickconnect.to	 
havasmedia1.basecamphq.com	 
http://jsbin.com/	 
ibm.account.box.com	 
idbxl.sharepoint.com	 
imei24.com	 
infoblox.thruinc.net	 
iphoneimei.info	 
issuu.com/publish?r=/vbofeb/docs/086090_reflect_frans	 
iunlocker.net	 
kalycellmn.cluster023.hosting.ovh.net	 
Hiddendomain964
mdocs.sap.com	 
media.u-pro.fr/netexplo/academy	 
mft2go.pwc.com	 
misys.com	 
my.brainloop.net	 
my.sharingbox.com	 
nexyan.sharefile.eu	 
nvisoint.sharepoint.com	 
offers.highq.com	 
oodrive.com	 
portal.citidirect.com	 
quicktips.skypeforbusiness.com	 
quicktips2016.skypeforbusiness.com	 
Hiddendomain978
sap-my.sharepoint.com	 
sharefile.evergage.com	 
somedcontent.slack.com	 
storage101.lon3.clouddrive.com	 
tbc-post.de3.quickconnect.to	 
tbc-post.quickconnect.to	 
team-collab.sp.e-employee.net	 
test.ec4s.euroclear.com	 
thalento.sharepoint.com	 
unicorntooling.eu	 
vms.boldchat.com	 
vroptimal.com	 
webservices.intralinks.com	 
webvideocore.net	 
Hiddendomain993
www.arcict.com	 
www.atelier.net	 
www.bigdatauniversity.com	 
Hiddendomain997
www.documentcloud.org	 
www.google.com/+/learnmore/hangouts/	 
www.m-mailer.be	 
www.oodrive.fr	 
www.producteev.com	 
www.seezam.com	 
www.slack.com	 
www.yammer.com	 
msp51.watchfire.net	 
pinterest.com	 
twitter.com	 
www.facebook.com	 
secure1.aollp.com	 
canadaeast.firmex.com	 
content.firmex.com	 
filetransfer.mediashuttle.com	 
login.firmex.com	 
mscf.firmex.com	 
securemail.jpmchase.com	 
ageas.sharepoint.com	 
empty	 
eduvlerick.sharepoint.com	 
vub-my.sharepoint.com	 
files.techdatacloudsolutions.com	 
storage-eu-204.sharefile.com	 
ibm.box.com	 
demo.glyptodon.com	 
telerik.com	 
telerik-fiddler.s3.amazonaws.com	 
extranetv5.be	 
www.linkedincdn.net	 
aginsurance.be	 
aginsurance.intranet	 
Hiddendomain1031
22invest.com	 
adnxs.com	 
adobeid-na1.services.adobe.com	 
adobelogin.prod.ims.adobejanus.com	 
adobess.com	 
ams.adobe.com	 
appdomain.cloud	 
assets.adobedtm.com	 
auth.services.adobe.com	 
awcm177.awmdm.com	 
belgianrail.bbelgianrail.be/Handler/B2BOrder.ashxe/Handler/B2BOrder.ashx	 
bkrtx.com	 
Hiddendomain1044
Hiddendomain1045
Hiddendomain1046
Hiddendomain1047
Hiddendomain1048
Hiddendomain1049
Hiddendomain1050
Hiddendomain1051
Hiddendomain1052
cybersecuritycoalition.sharepoint.com	 
dontbuyintooccupation.org	 
doubleclick.net	 
dpm.demdex.net	 
event.loopup.com	 
federatedid-na1.services.adobe.com	 
global.gotowebinar.com	 
googlesyndication.com	 
ims-na1.adobelogin.com	 
ims-prod06.adobelogin.com	 
ims-prod07.adobelogin.com	 
menti.com	 
na1e-acc.services.adobe.com	 
na1r.services.adobe.com	 
okta.com	 
oktacdn.com	 
oktapreview.com	 
oobe.adobe.com	 
psybersafe.com	 
pusher.com	 
secureit.s1.com/moveitisapi/moveitisapi.dll	 
services.prod.ims.adobejanus.com	 
suite.deltram.com	 
tradelab.fr	 
Hiddendomain1077
Hiddendomain1078
www-prod.adobesunbreak.com	 
xfs.spiridon.org	 
zeplin.io	 
123digit.be	 
2389.spiridon.org	 
Hiddendomain1084
Hiddendomain1085
account.loopup.com	 
adobeconnect.com	 
af-lam.be	 
ag.ag-muma.be	 
ageas-my.sharepoint.com	 
aghealthpartner.be	 
ag-muma.be	 
agroadshow.live-events.live	 
aiethicscourse.org	 
airtable.com	 
akkantonline-my.sharepoint.com	 
aletheiapro.eu	 
amsalumni.org	 
api.logtek.fr	 
app.abstract.com	 
app.clevercast.com	 
app.lucidchart.com	 
app.mural.co	 
app.smartsheet.com	 
apps.osiris.brussels	 
aura.eu.com	 
b2w.yourpreview.be	 
bab.la	 
belga.press	 
belgiangrowthfund.be	 
bel-partenaires.stonly.com	 
bepact.be	 
bfe-live.be	 
blueground.be	 
bluejeans.com	 
Hiddendomain1116
Hiddendomain1117
Hiddendomain1118
Hiddendomain1119
Hiddendomain1120
Hiddendomain1121
Hiddendomain1122
Hiddendomain1123
Hiddendomain1124
bodyrockgym.be	 
cabinetchau.be	 
canva.com	 
cas.webexconnect.com	 
cc.taxtools-pwc.be	 
ccf.brussels	 
channel.royalcast.com	 
click.nnmarketing.be	 
clubbeleg.be	 
colour-immo.be	 
console.cloud.google.com	 
copus.group	 
costationsa.sharepoint.com	 
Hiddendomain1138
dashboard.feedier.com	 
decatech.be	 
deepl.com	 
demetrisonline.sharepoint.com	 
demo-test.skwiz.ai	 
dezichten.be	 
dmtservice.be	 
doodle.com	 
ebillingcash.brinks.be	 
esg.api.axa.be/AXA_BE_lifecorp_dailvie/Files/UploadFile	 
euf.eu.com	 
evbox.typeform.com	 
event.webcasts.com	 
everyoneinvested.com	 
Hiddendomain1153
febelfin.sharepoint.com	 
febelfinacademy.wufoo.com	 
feestzaaldekroon.be	 
fitrama.be	 
fmuk-online.co.uk	 
forms.smartsheet.com	 
fr.pons.com	 
garantiefonds.bel-gium.be	 
gerechtsdeurwaardersnet.be	 
googlevideo.com	 
gpr.me	 
grossurlapatate.eu	 
help.smartsheet.com	 
html-online.com	 
huurschatter.be	 
hyperisland-global.typeform.com	 
ibm.webcasts.com	 
idp.optipost.eu	 
inspire.talentmanager.io	 
intranetci.oostende.call-it.com	 
ir.adler-group.com	 
issues.betasystems.com/jira/rest/servicedesk/1/servicedesk/customer/comment/tempfile	 
issuu.com	 
justia-law.be	 
kanbanflow.com	 
kantoor.krekelbergh-attentia.be	 
karin.kudoboard.com	 
kmocampus.be	 
knome.ultimatix.net/attachments	 
koenschoors.be	 
koninginelisabethwedstrijd.be	 
krijnen.be	 
leetchi.com	 
Hiddendomain1187
Hiddendomain1188
Hiddendomain1189
live.vhall.com	 
locations.hashting.promo	 
lumiere-brugge.be	 
meet.loopup.com	 
meltingspot.io	 
mensurasupport-my.sharepoint.com	 
mktchangemeetingmay21.be	 
myalterfin.be	 
mybee.brussels	 
navigateyouth.be	 
nexxtmove.me	 
officeapps.live.com	 
onlinesupport.neocasesoftware.com/Modules/ModuleDescriptions/CustomerRequest/Ajax/UploadManager.aspx	 
onzenatuur.be	 
order-weactivate.nextsite.be	 
Hiddendomain1205
payconiqbelgium.sharepoint.com	 
pgi.com	 
positivebanking.be	 
positive-banking.be	 
positivebanking.eu	 
praxislaw.eu	 
pulsmagazine.be	 
Hiddendomain1213
quetevayabien.be	 
quirynengroep.be	 
reverso.net	 
safelinks.protection.outlook.com	 
secondeprÃ©sentation.be	 
securex.sharepoint.com	 
senverant.be	 
skills-network-labs.noticeable.news	 
smartsheet.com	 
soc-invest.be	 
sodexobenefits.wufoo.com	 
sprb.jotform.com	 
ssl.translatoruser.net	 
stellar-jodoigne.be	 
surveymonkey.com	 
synthetron.sharepoint.com	 
taxescommunales.brussels	 
tcconline.com	 
teleconferencingcenter.com	 
test.ejustice.be	 
the-master-channel-d78dec92df62.intercom-clicks.com	 
thetriplebottom.com	 
tobius365-my.sharepoint.com	 
tr.devis-companeo.be	 
translate.google.be	 
translate.google.com	 
translate.google.fr	 
translate.google.nl	 
ulpianus.law	 
uqcareer.com	 
vandale.be	 
vandale.nl	 
vertalen.nu	 
vimeocdn.com	 
Vimeopro.com	 
vinh-hoboken.be	 
voltrontrade.sharepoint.com	 
widget-v4.tidiochat.com	 
woodupp.nl	 
wp0.teleconferencingcenter.com	 
www.123digit.be	 
www.3-co.be	 
www.aanvraagcoronapremie.be	 
www.abilways.be	 
www.advocaatvanbesien.be	 
www.alfalaw.be	 
www.alsea.eu	 
www.archeos.be	 
www.avocat-jonkers.be	 
www.b2build-mediaplatform.be	 
www.belgacom-m2m.be	 
www.boldt.tech	 
www.brabantia.brussels	 
www.cairox.be	 
www.canva.com	 
www.carmignac.nl	 
www.charleroi-entreprendre.be	 
www.coronaautravail.be	 
www.covideventriskmodel.be	 
www.creafund.be	 
www.creperietje.be	 
www.cura-care.be	 
www.delbooadvocaten.be	 
www.d-hotel.eu	 
www.dts-meat.com	 
www.economaat.be	 
www.edfin.be	 
www.email-benchmark.com	 
www.epacco.be	 
www.e-scooter-fun.com	 
www.everepharma.be	 
www.experthelp-nl.be	 
www.fietsnet.be	 
www.finagora.cardif.be	 
www.financialcrimesresearchlinks.com	 
Hiddendomain1289
www.flandersjobfairs.be	 
www.fnherstal.com	 
www.fondsbruxelloisdegarantie.be	 
www.gbfgolfacademy.com	 
www.generatierookvrij.be	 
www.gerlexco.be	 
www.go-start.be	 
www.hero-on-socks.com	 
www.herstalgroup.com	 
www.hypoconnect.be	 
www.idelco.be	 
www.imanageshare-eu.com	 
www.impaqtr.com	 
www.indegla.be	 
www.infinity-f5j.com	 
www.intercallonline.com	 
www.interglot.com	 
www.keurslagerijdecock.be	 
www.kevintizo.com	 
www.keysersvital.be	 
www.kube-kyc.be	 
www.kudoboard.com	 
www.labiscuiterienamuroise.be	 
www.lenouveausacbleu.be	 
www.lexilogos.com	 
www.lucidchart.com	 
www.marcheiremans.com	 
www.markrussinovich.com	 
www.masara.be	 
www.meetingvlaamsbrabant.be	 
www.microsofttranslator.com	 
www.mybroker.be	 
www.natpat.be	 
www.nextfoodchain.be	 
www.notariaatdmv.be	 
www.notarisheyns.be	 
www.omnilegie.be	 
www.oomsnv.be	 
www.openchargepoint.be	 
Hiddendomain1329
www.paloaltonetworks.nl	 
www.panken.be	 
www.pantareinwater.be	 
www.plansbonus.be	 
www.pmpg.info	 
www.primecovid.brussels	 
www.puilaetco.be	 
www.ramendeurenglas.com	 
www.reconnect20.com	 
www.repictures.ch	 
www.reportpaiementsonss.be	 
www.retroflection.org	 
www.runbysteps.com	 
www.samendigitaal.be	 
www.sdworxhottopics.com	 
www.sebastiaan-antwerpen.be	 
Hiddendomain1346
www.smiles.gifts	 
www.smsbox.be	 
www.socialwin.be	 
www.softimat.com	 
www.sofuba.be	 
www.studionoord.be	 
www.tennisaffinityprogram.be	 
www.thecampaigncompany.co.uk	 
www.thedrags.be	 
www.transmoove.org	 
www.trapnietindeval.be	 
www.uitstelrszbetalingen.be	 
www.v3-manupal.be	 
www.vdsdrinks.be	 
www.vdsmilieuadvies.be	 
www.vendreplus.be	 
www.verzekeringgewaarborgdwonen.be	 
www.vingeraandepols.be	 
www.vonage.com	 
www.waarborgen.be	 
www.wafflelicious.be	 
www.waterschoot.be	 
www.winauditor.net	 
www.workshare.com	 
youtu.be	 
youtube-nocookie.com	 
zorgwijzermagazine.be	 
workshare.com	 
securemail.lloydsbanking.com	 
nbb.sharepoint.com	 
nordicpayments.sharepoint.com	 
Hiddendomain1378
geartest.remo.co	 
cashforce1.clickmeeting.com	 
www.bsmart.fr	 
bill.com	 
figma.com	 
agrealestatebe-my.sharepoint.com	 
edfluminus.sharepoint.com	 
mevaschalungssysteme-my.sharepoint.com	 
koningsbe-my.sharepoint.com	 
eaglestonebelgique-my.sharepoint.com	 
citybeesas.sharepoint.com	 
internetsafeandfun.be	 
www.pensionstat.be	 
gcloudbelgium-my.sharepoint.com	 
www.getfeedback.com	 
cecbelgium.sharepoint.com	 
numobieu.sharepoint.com	 
eyfrance.sharepoint.com	 
amexio-cloud.lu	 
axeptabe.sharepoint.com	 
batopin.sharepoint.com	 
grammarly.com	 
letsbuild-7b667953a240.intercom-clicks.com	 
ncbhambe-my.sharepoint.com	 
procos.workfacile.net	 
selligent-my.sharepoint.com	 
www.dpoconnect.be	 
beta.igaanalyser.ey.com	 
batopin-my.sharepoint.com	 
cally.com	 
moorestephensbe.sharepoint.com	 
aide-inondations.be	 
cambridgeprogramme.wufoo.com	 
digi4u.sharepoint.com	 
ghentpmwop.eu.qualtrics.com	 
impactvalley.typeform.com	 
lesbeneficesdubienetre.be	 
typeform.com	 
uclouvain-my.sharepoint.com	 
vo-live.fr	 
www.inclusioninfinance.be/	 
bmcsoftware-my.sharepoint.com	 
check.torproject.org/torbulkexitlist	 
cisco.app.box.com	 
cisco.box.com	 
danielk.tech	 
plantronics-my.sharepoint.com	 
servicenow-my.sharepoint.com	 
siemens-my.sharepoint.com	 
sxhw.housing-sourcing-services.com	 
Hiddendomain1429
admin.ciscospark.com	 
ardownload2.adobe.com	 
download.factset.com	 
kornferry.sharepoint.com	 
rufus.ie	 
sourceforge.net	 
www.tfaforms.com	 
assets.documentcloud.org	 
diekeure-my.sharepoint.com	 
giphy.com	 
link.webropolsurveys.com	 
rmbsa-my.sharepoint.com	 
slido.com	 
weareinmotion-my.sharepoint.com	 
www.imagellan.be	 
bzbfedafincongres.be	 
carlflex.com	 
default.login.smartsheet.com	 
ecgb-advocaten.be	 
exposant.agribevents.be	 
garagebossaert-my.sharepoint.com	 
idustry.sharepoint.com	 
i-net-frm.be	 
isabelgroup.onmicrosoft.com	 
pmv.imanageshare-eu.com	 
svalna.se	 
trendtracker.ai	 
willbethere.be/theefibdays/	 
9fdg6798kkg.typeform.com	 
app.sli.do	 
demetrisonline-my.sharepoint.com	 
egidegroup-my.sharepoint.com	 
finekonv-my.sharepoint.com	 
givinv.sharepoint.com	 
groepblancquaert.sharepoint.com	 
katelijnnijsmans.typeform.com	 
mastercard-my.sharepoint.com	 
morganstanley.webcasts.com	 
peoplenetbe-my.sharepoint.com	 
schepensendecoster-my.sharepoint.com	 
semrush.com	 
trensition.typeform.com	 
unitedexperts-my.sharepoint.com	 
wall.alphacoders.com	 
west-my.sharepoint.com	 
www.bigmarker.com	 
www.papernest.com	 
www.thinglink.com	 
acc-ds.t1t.io	 
alphacredit.atlassian.net	 
app.frame.io	 
closecl.vestingfinance.davincicloud.nl	 
ds.t1t.io	 
eos-brandhub.com	 
lufthansagroup.sharepoint.com	 
miro.com	 
myeosgroup.sharepoint.com	 
myeosgroup-my.sharepoint.com	 
soficonv-my.sharepoint.com	 
synchrony.atlassian.com	 
vestingfinance.davincicloud.nl	 
illegal-version.cloudserver781.com	 
microsoft-outlook.emailaccess364.com	 
mobilityconcepts.sharepoint.com	 
moveit.nttltd.global.ntt	 
nttlimited.sharepoint.com	 
www.figma.com	 
